<?xml version="1.0" encoding="UTF-8"?>
<project-private xmlns="http://www.netbeans.org/ns/project-private/1">
    <editor-bookmarks xmlns="http://www.netbeans.org/ns/editor-bookmarks/2" lastBookmarkId="0"/>
    <open-files xmlns="http://www.netbeans.org/ns/projectui-open-files/2">
        <group>
            <file>file:/C:/Users/a16686/Documents/AppNotes/Serial%20EEPROM%20AN/Final%20Review/EXP8SPIClick.X/main.c</file>
            <file>file:/C:/Users/a16686/Documents/AppNotes/Serial%20EEPROM%20AN/Final%20Review/EXP8SPIClick.X/eeprom_spi.c</file>
        </group>
    </open-files>
</project-private>
